INSERT INTO LIVRO(ID, TITULO, AUTOR, DATA_PUBLICACAO, DISPONIBILIDADE, ULTIMA_RETIRADA)
	VALUES(1,'JAVASCRIPT NINJA', 'GLENN STOKOL', '2015-01-12', FALSE, '2017-05-23'),
    (2,'JQUERY IN ACTION', 'BEAR BILBEAULT', '2008-02-13', TRUE, '2016-01-15'),
    (3,'TECNICAS BASICAS DE ENFERMAGEM', 'ANDREA CRISTINE', '2004-02-13', FALSE,'2017-08-16'),
    (4,'PADROES E PROJETOS', 'ERICH GAMMA', '2000-04-15', TRUE, '2003-06-16'),
    (5,'DE ONDE VEM OS BEBÊS', 'ANDREW C', '2005-05-16', FALSE, '2017-08-26'),
    (6,'COSMO', 'CARL SAGAN', '1980-06-17', TRUE, '2012-03-15'),
    (7,'COMO INVENTAR NOMES DE LIVROS', 'MAZI KUN', '1999-07-18', FALSE, '2017-04-03'),
    (8,'A BRUXA', 'ANTON LAVEY', '1971-08-19', TRUE, '2014-02-18'),
    (9,'A ORIGEM DAS ESPECIES', 'CHARLES DARWIN', '1859-11-24', FALSE, '2017-04-05'),
    (10,'HTML PARA INICIANTES', 'KUN MOIT', '2006-12-30', TRUE, '2007-04-29'),
    (11,'NOITES SEM DORMIR COM JAVASCRIPT', 'LIU MONG', '2012-12-12', FALSE, '2017-05-08'),
    (12,'COMO PERGUNTAR COMO FAZER AS COISAS', 'JIN CTHUN', '2014-01-03', FALSE, '2013-08-09'),
    (13,'AFAUNABETO','JOAO FERRARI', '2013-05-26', FALSE, '2014-12-02'),
    (14,'PROJETO DE RECEITAS', 'NATHALIA LOUREIRO PINTO', '2017-05-12', TRUE, '2009-12-05'),
    (15,'COMO SER UM AZ NO BLACK DESERT', 'JOÃO PEDRO HALLBELG MARTINS', '2016-06-23', TRUE, '');
    
INSERT INTO ALUNO(ID,NOME,CPF)
	VALUES(1, 'JOSÉ DA SILVA', 11111111111),
    (2, 'VALDISNEY', 22222222222),
    (3, 'ROBERVAL', 33333333333),
    (4, 'ERALDONCLÓBIS', 44444444444),
    (5, 'ANTONIO MORRENDO DAS DORES', 55555555555),
    (6, 'MAYCOM GÉQUIÇOM', 66666666666);
    
INSERT INTO ATENDENTE(ID, NOME)
	VALUES(1, 'MARIA JOAQUINA'),
    (2,'CLEYTON NUNES');
    
INSERT INTO BIBLIOTECA(ID_ATENDENTE, ID_ALUNO, ID_LIVRO, DATA_RETIRADA, DATA_DEVOLUCAO)
	VALUES(1,1,1,'2015-02-20','2015-02-27'),
    (2,2,3, '2015-03-10','2015-03-17'),
    (1,3,5, '2015-04-15', '2015-04-22'),
    (2,4,7, '2015-05-09', '2015-05-16'),
    (1,5,9, '2015-06-25', '2015-06-02'),
    (2,6,11, '2015-07-03', '2015-07-10'),
    
    (1,1,3, '2016-04-11', '2016-04-18'),
    (2,2,5, '2016-04-04', '2016-04-11'),
    (1,3,7, '2016-05-29', '2016-05-06'),
    (2,4,9, '2016-05-06', '2016-05-13'),
    (1,5,11, '2016-06-11', '2016-06-18'),
    (2,6,1, '2016-06-16', '2016-06-23'),
    
    (1,1,5, '2016-09-19', '2016-09-26'),
    (2,2,7, '2016-10-15', '2016-10-22'),
    (1,3,9, '2016-10-17', '2016-10-24'),
    (2,4,11, '2016-11-06', '2016-11-13'),
    (1,5,1, '2016-11-11', '2016-11-18'),
    (2,6,3, '2016-12-13', '2016-12-20'),
    
     (1,1,7, '2017-04-03', '2017-04-10'),
    (2,2,9, '2017-04-05', '2017-04-12'),
    (1,3,11, '2017-05-08', '2017-05-15'),
    (2,4,1, '2017-05-23', '2017-06-01'),
    (1,5,3, '2017-08-16', '2017-08-23'),
    (2,6,5, '2017-08-26', '2017-09-03'),
    
	(1,1,11, '2017-09-02', '2017-09-09'),
    (2,2,1, '2017-09-02', '2017-09-09'),
    (1,3,3, '2017-09-02', '2017-09-09'),
    (2,4,5, '2017-09-02', '2017-09-09'),
    (1,5,7, '2017-09-02', '2017-09-09'),
    (2,6,9, '2017-09-15', '2017-09-22');
    
    