SHOW databases;
CREATE database Mercado;
USE Mercado;

CREATE TABLE FABRICANTE(
	ID INT NOT NULL,
    NOME VARCHAR(50) NOT NULL,

PRIMARY KEY(ID)
);

CREATE TABLE ESTADO(
	ID INT NOT NULL,
    SIGLA CHAR (2) NOT NULL,
    NOME VARCHAR(20) NOT NULL,

PRIMARY KEY(ID)
);

CREATE TABLE CIDADE(
	ID INT NOT NULL,
    NOME VARCHAR(20) NOT NULL,
    ID_ESTADO INT NOT NULL,
    
PRIMARY KEY (ID),
FOREIGN KEY (ID_ESTADO) REFERENCES ESTADO(ID)
);

CREATE TABLE FORNECEDOR(
	ID INT NOT NULL,
    NOME VARCHAR(50) NOT NULL,
    CNPJ CHAR(14) NOT NULL,
    TELEFONE VARCHAR(20) NOT NULL,
    ENDERECO VARCHAR (200) NOT NULL,
	ID_CIDADE INT NOT NULL,
    ID_FABRICANTE INT NOT NULL,
    
PRIMARY KEY(ID),
FOREIGN KEY (ID_CIDADE) REFERENCES CIDADE(ID),
FOREIGN KEY (ID_FABRICANTE) REFERENCES FABRICANTE(ID)
);

CREATE TABLE UNIDADE(
	ID INT NOT NULL,
	DESCRICAO VARCHAR (25) NOT NULL,
    
PRIMARY KEY(ID)
);

CREATE TABLE CATEGORIA(
	ID INT NOT NULL,
    DESCRICAO VARCHAR(30) NOT NULL,
    
PRIMARY KEY (ID)
);

CREATE TABLE CORREDOR(
	ID INT NOT NULL,
    DESCRICAO VARCHAR(10) NOT NULL,
    
PRIMARY KEY (ID)
);

CREATE TABLE PRODUTO(
    CODIGO INT NOT NULL,
    DESCRICAO_ITEM VARCHAR(50) NOT NULL,
    PRECO DOUBLE NOT NULL,
    ATIVO boolean NOT NULL,
    QUANTIDADE_MINIMA INT NOT NULL,
    QUANTIDADE_ATUAL INT NOT NULL,
    ULTIMA_COMPRA VARCHAR(20) NOT NULL,
    ID_UNIDADE INT NOT NULL,
    ID_CATEGORIA INT NOT NULL,
    ID_CORREDOR INT NOT NULL,
    ID_FORNECEDOR INT NOT NULL,
    
PRIMARY KEY(CODIGO),
FOREIGN KEY (ID_UNIDADE) REFERENCES UNIDADE(ID),
FOREIGN KEY (ID_CATEGORIA) REFERENCES CATEGORIA(ID),
FOREIGN KEY (ID_CORREDOR) REFERENCES CORREDOR(ID),
FOREIGN KEY (ID_FORNECEDOR) REFERENCES FORNECEDOR(ID)
);

INSERT INTO FABRICANTE (ID, NOME)
	VALUES (1, 'CARVAOZAO'),(2, 'POLAR'),(3, 'FRUTIN'),(4, 'AGUA DA PEDRA'),(5, 'BORRUSSIA'),(6, 'NOVILHO JOVEM'),(7, 'COCA COLA'),(8, 'DA COLONIA'),(9, 'LACTA'),(9, 'CISNE'),(10, 'CISNE'),(11, 'MILI'),(12, 'GELO REI'),(13, 'CEASA');
    
INSERT INTO ESTADO (ID, SIGLA, NOME)
	VALUES (1, 'RJ','RIO DE JANEIRO'),(2, 'PR','PARANA'),(3, 'SE','SERGIPE'),(4, 'RS','RIO GRANDE DO SUL');
    
INSERT INTO CIDADE(ID, NOME, ID_ESTADO)
	VALUE (1,'RIO DE JANEIRO', 1),(2,'PONTA GROSSA', 2),(3,'ARACAJU', 3),(4,'SAPUCAIA DO SUL',4),(5,'OSORIO',4),(6,'CAXIAS DO SUL',4),(7,'PORTO ALEGRE',4),(8,'CACHOEIRRA DO SUL',4),(9,'URUGUAIANA',4),(10,'GRAVATAI',4),(11,'ESTEIO',4),(12,'SANTA MARIA',4);

INSERT INTO FORNECEDOR (ID, NOME, CNPJ, TELEFONE, ENDERECO, ID_CIDADE, ID_FABRICANTE)
	VALUE (1, 'ZÉ DO CARVAO LTDA','75368338000108', '(21) 2501-5103','RUA GENESIO CAMARA, NUMERO 175', 1,1),(2, 'DISTRIBUIDORA DE BEBIDAS ZEZAO','349117300000151', '(42)2840-7302','RUA ANTENOR LOURENÇO DE OLIVEIRA, NUMERO 172', 2,2),(3, 'BANCA DO JOAO','33008053000108', 'Não possui telefone','RUA R, NUMERO 288', 3,3),(4, 'VINICIUS E JULIO LTDA','33008053000108', '5136481763','RUA PLATANO, NUMERO 270', 4,4),(5, 'HEITOR E LEONARDO LTDA','41737009000167', '5328622265','PASSEIO MARQUES DE CARAVELAS, NUMERO 733', 5,4),(6, 'HEITOR E DEBORA ME','72638833000193', '5427287758','RUA ANGELINO GAZZROLA, NUMERO 643', 6,4),(7, 'CAROLINE E PIETRA LTDA','820237200000193', '5137643661','RUA SALOMAO MALCON, NUMERO 596', 7,4),(8, 'ANTONIO E MIGUEL LTDA','34153274000132', '5137909486',',BECO B UM NUMERO 565', 8,4),(9, 'CAUE E ANTONELLA LTDA','15849438000116', '5127922403','RUA NILO FERNANDES BARBOSA, NUMERO 525', 9,4),(10, 'MATHEUS E BRENO LTDA','55511245000175', '','QUADRA QUATORZE B, NUMERO 746', 10,4),(11, 'HENRIQUE E EMILY LTDA','94271114000110', '5535608821','RUA RECANTO DAS TAQUAREIRAS, NUMERO 136', 11,4),(12, 'DIOGO E CAUA LTDA','96334430000119', '5128201217','RUA AVENIDA JOAO FRAINER, NUMERO 327', 12,4),(13, 'CAUE E HELENA LTDA','75633099000168', '5139966044','RUA ACESSO SEIS, NUMERO 433', 13,4),(14, 'GABRIELA E BENICIO LTDA','58454315000199', '5525001720','RUA RUA ANTONIO BOTEGA, NUMERO 429', 14,4);
		
INSERT INTO UNIDADE(ID, DESCRICAO)
	VALUE (1, 'SACO'),(2, 'LATA'),(3, 'KG'),(4, 'GARRAFA'),(5, 'CAIXA');
    
INSERT INTO CATEGORIA(ID, DESCRICAO)
	VALUE (1, 'CHURRASCO'),(2, 'BEBIDA'),(3, 'FEIRA'),(4, 'CARNE'),(5, 'SALGADINHO'),(6, 'DOCES'),(7, 'FARINHAS'),(8, 'FESTAS'),(9, 'GELO');
    
INSERT INTO CORREDOR (ID, DESCRICAO)
	VALUE(1,'C7'),(2,'C3'),(3,'C6'),(4,'C1'),(5,'C4'),(6,'C2');
    
INSERT INTO PRODUTO (CODIGO, DESCRICAO_ITEM, PRECO, ATIVO, QUANTIDADE_MINIMA, QUANTIDADE_ATUAL, ULTIMA_COMPRA, ID_UNIDADE, ID_CATEGORIA, ID_FORNECEDOR)
	VALUE (70046, 'CARVAO 5 KG', '12,99', TRUE, '10', '20', '20/07/2017', 1,1,1),(9140, 'CERVEJA POLAR 473 ML', '2,69', TRUE, '200', '1140', '01/07/2017', 2,2,2),(4656, 'LIMAO', '4,99', TRUE, '5', '20', '20/07/2017', 3,3,3),(31015, 'AGUA MINERAL 1.5L', '2,79', FALSE, '15', '17', '02/07/2017', 4,2,4),(17038, 'SALSICHAO BURRUSIA', '19,99', TRUE, '10', '20', '20/07/2017', 3,4,5),(36447, 'VAZIO COSTELA', '26,99', TRUE, '20', '15', '01/07/2017', 3,4,6),(11517, 'REFRI COCA COLA 2L', '5,29', TRUE, '20', '30', '20/07/2017', 4,2,7),(4874, 'AMENDOIM 500G', '8,99', FALSE, '10', '15', '02/07/2017', 1,5,8),(7399, 'CHOCOLATE BIS', '4,99', TRUE, '15', '15', '02/07/2017', 5,6,9),(10018, 'SAL GROSS', '3,19', FALSE, '5', '10', '20/07/2017', 1,7,10),(40257, 'GUARDANAPO 15X15', '2,69', TRUE, '10', '10', '02/07/2017', 1,8,11),(17, 'GELO REI 3KG', '6,99', FALSE, '5', '20', '20/07/2017', 1,9,12),(62, 'TOMATE', '6,7', TRUE, '20', '30', '25/07/2017', 3,3,13),(39, 'BATATA BRANCA', '4,94', TRUE, '20', '10', '05/07/2017', 3,3,14);




